Residue,Standard,DMD,OPLSAA,Amber03,GROMOS9654a7,DIANA,DIANA-1,DMD2,DMD3-HIS,1DMD,1DMD-1,1DMD2,element,1element,2element,Standard2,Standard3,XSEDE2,XSEDE3,1XSEDE,1XSEDE2,1XSEDE3,1XSEDE-HIS
NTERM,H1,HN1,H1,H1,H1,HN,,,,HN,HN,1HN,HN,HN,,,,,,HN,,,
NTERM,H2,HN2,H2,H2,H2,HN1,,,,1HN,1HN,HN1,HN1,1HN,,,,,,1HN,,,
NTERM,H3,HN3,H3,H3,H3,HN2,,,,2HN,2HN,HN2,HN2,2HN,,,,,,2HN,,,
NTERM,HC,HC,HC,HC,HC,HC,HC,,,HC,HC,,HC,HC,,,,,,,,,
CTERM,O1,O1,O1,OC1,O1,OXT,OXT,,,OXT,OXT,,OXT,OXT,,OXT,,,,,,,
CTERM,HO1,HO1,HO1,HO1,HO1,HO1,,,,HO1,HO1,,HO1,HO1,,,,,,,,,
CTERM,O2,O2,O2,OC2,O2,O2,,,,O2,O2,,O2,O2,,,,,,,,,
CTERM,HO2,HO2,HO2,HO2,HO2,HO2,,,,HO2,HO2,,HO2,HO2,,,,,,,,,
ALA,N,N,N,N,N,N,,,,N,,N,,,,N,,,,,,,
ALA,H,HN,H,H,H,HN,,,,HN,,HN,,,,H,,,,,,,
ALA,CA,CA,CA,CA,CA,CA,,,,CA,,CA,,,,CA,,,,,,,
ALA,HA,HA,HA,HA,HA,HA,,,,HA,,HA,,,,HA,,,,,,,
ALA,C,C,C,C,C,C,,,,C,,C,,,,C,,,,,,,
ALA,O,O,O,O,O,O,,,,O,,O,,,,O,,,,,,,
ALA,CB,CB,CB,CB,CB,CB,,,,CB,,CB,,,,CB,,,,,,,
ALA,HB1,HB1,HB1,HB1,HB1,HB1,,,,1HB,,1HB,,,,HB1,,,,,,,
ALA,HB2,HB2,HB2,HB2,HB2,HB2,,,,2HB,,2HB,,,,HB2,,,,,,,
ALA,HB3,HB3,HB3,HB3,HB3,HB3,,,,3HB,,3HB,,,,HB3,,,,,,,
ARG,N,N,N,N,N,N,,,,,,,,N,,N,,,,N,N,,
ARG,H,HN,H,H,H,HN,,,,,,,,HN,,H,,,,HN,H,,
ARG,CA,CA,CA,CA,CA,CA,,,,,,,,CA,,CA,,,,CA,CA,,
ARG,HA,HA,HA,HA,HA,HA,,,,,,,,HCA,,HA,,,,HC,HC,,
ARG,C,C,C,C,C,C,,,,,,,,C,,C,,,,C,C,,
ARG,O,O,O,O,O,O,,,,,,,,O,,O,,,,O,O,,
ARG,CB,CB,CB,CB,CB,CB,,,,,,,,CB,,CB,,,,CB,CB,,
ARG,HB1,HB1,HB1,HB1,HB1,HB2,,,,,,,,1HCB,,HB2,,,,1HC,2HC,,
ARG,HB2,HB2,HB2,HB2,HB2,HB3,,,,,,,,2HCB,,HB3,,,,2HC,3HC,,
ARG,CG,CG,CG,CG,CG,CG,,,,,,,,CG,,CG,,,,CG,CG,,
ARG,HG1,HG1,HG1,HG1,HG1,HG2,,,,,,,,1HCG,,HG2,,,,3HC,4HC,,
ARG,HG2,HG2,HG2,HG2,HG2,HG3,,,,,,,,2HCG,,HG3,,,,4HC,5HC,,
ARG,CD,CD,CD,CD,CD,CD,,,,,,,,CD,,CD,,,,CD,CD,,
ARG,HD1,HD1,HD1,HD1,HD1,HD2,,,,,,,,1HCD,,HD2,,,,5HC,6HC,,
ARG,HD2,HD2,HD2,HD2,HD2,HD3,,,,,,,,2HCD,,HD3,,,,6HC,7HC,,
ARG,NE,NE,NE,NE,NE,NE,,,,,,,,NE,,NE,,,,NE,NE,,
ARG,HE,HE,HE,HE,HE,HE,,,,,,,,HE,,HE,,,,HE,HE,,
ARG,CZ,CZ,CZ,CZ,CZ,CZ,,,,,,,,CZ,,CZ,,,,CZ,CZ,,
ARG,NH1,NH1,NH1,NH1,NH1,NH1,,,,,,,,NH1,,NH1,,,,NH1,NH1,,
ARG,HH11,1HH1,HH11,HH11,HH11,HH11,,,,,,,,1HH1,,HH11,,,,1HH1,1HH1,,
ARG,HH12,1HH2,HH12,HH12,HH12,HH12,,,,,,,,2HH1,,HH12,,,,2HH1,2HH1,,
ARG,NH2,NH2,NH2,NH2,NH2,NH2,,,,,,,,NH2,,NH2,,,,NH2,NH2,,
ARG,HH21,2HH1,HH21,HH21,HH21,HH21,,,,,,,,1HH2,,HH21,,,,1HH2,1HH2,,
ARG,HH22,2HH2,HH22,HH22,HH22,HH22,,,,,,,,2HH2,,HH22,,,,2HH2,2HH2,,
ASN,N,N,N,N,N,N,,,,,,,,N,,N,,,,N,,,
ASN,H,HN,H,H,H,HN,,,,,,,,HN,,H,,,,HN,,,
ASN,CA,CA,CA,CA,CA,CA,,,,,,,,CA,,CA,,,,CA,,,
ASN,HA,HA,HA,HA,HA,HA,,,,,,,,HCA,,HA,,,,HC,,,
ASN,C,C,C,C,C,C,,,,,,,,C,,C,,,,C,,,
ASN,O,O,O,O,O,O,,,,,,,,O,,O,,,,O,,,
ASN,CB,CB,CB,CB,CB,CB,,,,,,,,CB,,CB,,,,CB,,,
ASN,HB1,HB1,HB1,HB1,HB1,HB2,,,,,,,,1HCB,,HB2,,,,1HC,,,
ASN,HB2,HB2,HB2,HB2,HB2,HB3,,,,,,,,2HCB,,HB3,,,,2HC,,,
ASN,CG,CG,CG,CG,CG,CG,,,,,,,,CG,,CG,,,,CG,,,
ASN,OD1,OD1,OD1,OD1,OD1,OD1,,,,,,,,OD1,,OD1,,,,OD1,,,
ASN,ND2,ND2,ND2,ND2,ND2,ND2,,,,,,,,ND2,,ND2,,,,ND2,,,
ASN,HD21,1HND,HD21,HD21,HD21,HD21,,,,,,,,1HND,,HD21,,,,1HND,,,
ASN,HD22,2HND,HD22,HD22,HD22,HD22,,,,,,,,2HND,,HD22,,,,2HND,,,
ASP,N,N,N,N,N,N,,,,N,,,,N,,N,,,,,,,
ASP,H,HN,H,H,H,HN,,,,HN,,,,HN,,H,,,,,,,
ASP,CA,CA,CA,CA,CA,CA,,,,CA,,,,CA,,CA,,,,,,,
ASP,HA,HA,HA,HA,HA,HA,,,,HA,,,,HCA,,HA,,,,,,,
ASP,C,C,C,C,C,C,,,,C,,,,C,,C,,,,,,,
ASP,O,O,O,O,O,O,,,,O,,,,O,,O,,,,,,,
ASP,CB,CB,CB,CB,CB,CB,,,,CB,,,,CB,,CB,,,,,,,
ASP,HB1,HB1,HB1,HB1,HB1,HB2,,,,1HB,,,,1HCB,,HB2,,,,,,,
ASP,HB2,HB2,HB2,HB2,HB2,HB3,,,,2HB,,,,2HCB,,HB3,,,,,,,
ASP,CG,CG,CG,CG,CG,CG,,,,CG,,,,CG,,CG,,,,,,,
ASP,OD1,OD1,OD1,OD1,OD1,OD1,,,,OD1,,,,OD1,,OD1,,,,,,,
ASP,HD1,2HND,HD1,HD1,HD1,HD2,,,,HD1,,,,1HND,,HD1,,,,,,,
ASP,OD2,OD2,OD2,OD2,OD2,OD2,,,,OD2,,,,OD2,,OD2,,,,,,,
ASP,HD2,1HND,HD2,HD2,HD2,HD3,,,,HD2,,,,2HND,,HD2,,,,,,,
CYS,N,N,N,N,N,N,N,N,,N,N,,,,,N,,N,N,,N,N,
CYS,H,HN,H,H,H,HN,HN,HN,,HN,HN,,,,,H,,H,H,,H,H,
CYS,CA,CA,CA,CA,CA,CA,CA,CA,,CA,CA,,,,,CA,,CA,CA,,CA,CA,
CYS,HA,HA,HA,HA,HA,HA,HA,HA,,HA,HA,,,,,HA,,HC,HC,,HC,HC,
CYS,C,C,C,C,C,C,C,C,,C,C,,,,,C,,C,C,,C,C,
CYS,O,O,O,O,O,O,O,O,,O,O,,,,,O,,O,O,,O,O,
CYS,CB,CB,CB,CB,CB,CB,CB,CB,,CB,CB,,,,,CB,,CB,CB,,CB,CB,
CYS,HB1,HB1,HB1,HB1,HB1,HB2,HB2,HB1,,1HB,1HB,,,,,HB2,,HC2,HC2,,2HC,2HC,
CYS,HB2,HB2,HB2,HB2,HB2,HB3,HB3,HB2,,2HB,2HB,,,,,HB3,,HC3,HC3,,3HC,3HC,
CYS,SG,SG,SG,SG,SG,SG,SG,SG,,SG,SG,,,,,SG,,SG,SG,,SG,SG,
CYS,HG,HG1,HG,HG,HG,HG1,HG,HG,,HG1,HG,,,,,HG,,HS,HG1,,HS,HG1,
GLN,N,N,N,N,N,N,,,,,,,,N,,N,,,,N,,,
GLN,H,HN,H,H,H,HN,,,,,,,,HN,,H,,,,HN,,,
GLN,CA,CA,CA,CA,CA,CA,,,,,,,,CA,,CA,,,,CA,,,
GLN,HA,HA,HA,HA,HA,HA,,,,,,,,HCA,,HA,,,,HC,,,
GLN,C,C,C,C,C,C,,,,,,,,C,,C,,,,C,,,
GLN,O,O,O,O,O,O,,,,,,,,O,,O,,,,O,,,
GLN,CB,CB,CB,CB,CB,CB,,,,,,,,CB,,CB,,,,CB,,,
GLN,HB1,HB1,HB1,HB1,HB1,HB2,,,,,,,,1HCB,,HB2,,,,1HC,,,
GLN,HB2,HB2,HB2,HB2,HB2,HB3,,,,,,,,2HCB,,HB3,,,,2HC,,,
GLN,CG,CG,CG,CG,CG,CG,,,,,,,,CG,,CG,,,,CG,,,
GLN,HG1,HG2,HG2,HG2,HG2,HG2,,,,,,,,1HCG,,HG2,,,,3HC,,,
GLN,HG2,HG2,HG2,HG2,HG2,HG3,,,,,,,,2HCG,,HG3,,,,4HC,,,
GLN,CD,CD,CD,CD,CD,CD,,,,,,,,CD,,CD,,,,CD,,,
GLN,OE1,OE1,OE1,OE1,OE1,OE1,,,,,,,,OE1,,OE1,,,,OE1,,,
GLN,NE2,NE2,NE2,NE2,NE2,NE2,,,,,,,,NE2,,NE2,,,,NE2,,,
GLN,HE21,1HNE,HE21,HE21,HE21,HE21,,,,,,,,1HNE,,HE21,,,,1HNE,,,
GLN,HE22,2HNE,HE22,HE22,HE22,HE22,,,,,,,,2HNE,,HE22,,,,2HNE,,,
GLU,N,N,N,N,N,N,,,,N,,,N,,,N,,,,,,,
GLU,H,HN,H,H,H,HN,,,,HN,,,HN,,,H,,,,,,,
GLU,CA,CA,CA,CA,CA,CA,,,,CA,,,CA,,,CA,,,,,,,
GLU,HA,HA,HA,HA,HA,HA,,,,HA,,,HCA,,,HA,,,,,,,
GLU,C,C,C,C,C,C,,,,C,,,C,,,C,,,,,,,
GLU,O,O,O,O,O,O,,,,O,,,O,,,O,,,,,,,
GLU,CB,CB,CB,CB,CB,CB,,,,CB,,,CB,,,CB,,,,,,,
GLU,HB1,HB1,HB1,HB1,HB1,HB2,,,,1HB,,,HCB2,,,HB2,,,,,,,
GLU,HB2,HB2,HB2,HB2,HB2,HB3,,,,2HB,,,HCB3,,,HB3,,,,,,,
GLU,CG,CG,CG,CG,CG,CG,,,,CG,,,CG,,,CG,,,,,,,
GLU,HG1,HG1,HG1,HG1,HG1,HG2,,,,1HG,,,HCG2,,,HG2,,,,,,,
GLU,HG2,HG2,HG2,HG2,HG2,HG3,,,,2HG,,,HCG3,,,HG3,,,,,,,
GLU,CD,CD,CD,CD,CD,CD,,,,CD,,,CD,,,CD,,,,,,,
GLU,OE1,OE1,OE1,OE1,OE1,OE1,,,,OE1,,,OE1,,,OE1,,,,,,,
GLU,HE1,1HNE,HE1,HE1,HE1,HE1,,,,1HNE,,,HNE2,,,HE1,,,,,,,
GLU,OE2,OE2,OE2,OE2,OE2,OE2,,,,OE2,,,OE2,,,OE2,,,,,,,
GLU,HE2,2HNE,HE2,HE2,HE2,HE2,,,,2HNE,,,HNE3,,,HE2,,,,,,,
GLY,N,N,N,N,N,N,,,,N,,,,,,N,,,,,N,,
GLY,H,HN,H,H,H,HN,,,,HN,,,,,,H,,,,,H,,
GLY,CA,CA,CA,CA,CA,CA,,,,CA,,,,,,CA,,,,,CA,,
GLY,HA1,HA1,HA1,HA1,HA1,HA2,,,,1HA,,,,,,HA2,,,,,1HC,,
GLY,HA2,HA2,HA2,HA2,HA2,HA3,,,,2HA,,,,,,HA3,,,,,2HC,,
GLY,C,C,C,C,C,C,,,,C,,,,,,C,,,,,C,,
GLY,O,O,O,O,O,O,,,,O,,,,,,O,,,,,O,,
HIS,N,N,N,N,N,N,,N,N,N,,,,N,N,N,,,,N,,,N
HIS,H,HN,H,H,H,HN,,HN,HN,HN,,,,HN,HN,H,,,,HN,,,HN
HIS,CA,CA,CA,CA,CA,CA,,CA,CA,CA,,,,CA,CA,CA,,,,CA,,,CA
HIS,HA,HA,HA,HA,HA,HA,,HA,HA,HA,,,,HCA,HCA,HA,,,,HC,,,HC
HIS,C,C,C,C,C,C,,C,C,C,,,,C,C,C,,,,C,,,C
HIS,O,O,O,O,O,O,,O,O,O,,,,O,O,O,,,,O,,,O
HIS,CB,CB,CB,CB,CB,CB,,CB,CB,CB,,,,CB,CB,CB,,,,CB,,,CB
HIS,HB1,HB1,HB1,HB1,HB1,HB2,,HB1,HB1,1HB,,,,1HCB,1HCB,HB2,,,,1HC,,,1HC
HIS,HB2,HB2,HB2,HB2,HB2,HB3,,HB2,HB2,2HB,,,,2HCB,2HCB,HB3,,,,2HC,,,2HC
HIS,CG,CG,CG,CG,CG,CG,,CG,CG,CG,,,,CG,CG,CG,,,,CG,,,CG
HIS,ND1,ND1,ND1,ND1,ND1,ND1,,ND1,ND1,ND1,,,,ND1,ND1,ND1,,,,ND1,,,ND1
HIS,HD1,HD1,HD1,HD1,HD1,HD1,,HND1,HD1,HD1,,,,HND1,HND1,HD1,,,,HD1,,,1HN
HIS,CD2,CD2,CD2,CD2,CD2,CD2,,CD2,CD2,CD2,,,,CD2,CD2,CD2,,,,CD2,,,CD2
HIS,HD2,HD2,HD2,HD2,HD2,HD2,,HD2,HD2,HD2,,,,HCD2,HCD2,HD2,,,,3HC,,,3HC
HIS,CE1,CE1,CE1,CE1,CE1,CE1,,CE1,CE1,CE1,,,,CE1,CE1,CE1,,,,CE1,,,CE1
HIS,HE1,HE1,HE1,HE1,HE1,HE1,,HE1,HE1,HE1,,,,HCE1,HCE1,HE1,,,,4HC,,,4HC
HIS,NE2,NE2,NE2,NE2,NE2,NE2,,NE2,NE2,NE2,,,,NE2,NE2,NE2,,,,NE2,,,NE2
HIS,HE2,2HNE,HE2,HE2,HE2,HE2,,2HNE,HE2,HE2,,,,1HNE,2HNE,HE2,,,,2HNE,,,2HNE
ILE,N,N,N,N,N,N,,,,N,,,,,,N,N,,,,,,
ILE,H,HN,H,H,H,HN,,,,HN,,,,,,H,H,,,,,,
ILE,CA,CA,CA,CA,CA,CA,,,,CA,,,,,,CA,CA,,,,,,
ILE,HA,HA,HA,HA,HA,HA,,,,HA,,,,,,HA,HA,,,,,,
ILE,C,C,C,C,C,C,,,,C,,,,,,C,C,,,,,,
ILE,O,O,O,O,O,O,,,,O,,,,,,O,O,,,,,,
ILE,CB,CB,CB,CB,CB,CB,,,,CB,,,,,,CB,CB,,,,,,
ILE,HB1,HB1,HB1,HB1,HB1,HB,,,,HB,,,,,,HB,HB,,,,,,
ILE,CG1,CG1,CG1,CG1,CG1,CG1,,,,CG1,,,,,,CG1,CG1,,,,,,
ILE,HG11,HG11,HG11,HG11,HG11,HG12,,,,1HG1,,,,,,HG12,HG12,,,,,,
ILE,HG12,HG12,HG12,HG12,HG12,HG13,,,,2HG1,,,,,,HG13,HG13,,,,,,
ILE,CG2,CG2,CG2,CG2,CG2,CG2,,,,CG2,,,,,,CG2,CG2,,,,,,
ILE,HG21,HG21,HG21,HG21,HG21,HG21,,,,1HG2,,,,,,HG21,HG21,,,,,,
ILE,HG22,HG22,HG22,HG22,HG22,HG22,,,,2HG2,,,,,,HG22,HG22,,,,,,
ILE,HG23,HG23,HG23,HG23,HG23,HG23,,,,3HG2,,,,,,HG23,HG23,,,,,,
ILE,CD1,CD1,CD,CD,CD,CD1,,,,CD1,,,,,,CD1,CD1,,,,,,
ILE,HD1,HD1,HD1,HD1,HD1,HD11,,,,1HD1,,,,,,HD1,HD11,,,,,,
ILE,HD2,HD2,HD2,HD2,HD2,HD12,,,,2HD1,,,,,,HD2,HD12,,,,,,
ILE,HD3,HD3,HD3,HD3,HD3,HD13,,,,3HD1,,,,,,HD3,HD13,,,,,,
LEU,N,N,N,N,N,N,,,,N,,,,,,N,,,,,,,
LEU,H,HN,H,H,H,HN,,,,HN,,,,,,H,,,,,,,
LEU,CA,CA,CA,CA,CA,CA,,,,CA,,,,,,CA,,,,,,,
LEU,HA,HA,HA,HA,HA,HA,,,,HA,,,,,,HA,,,,,,,
LEU,C,C,C,C,C,C,,,,C,,,,,,C,,,,,,,
LEU,O,O,O,O,O,O,,,,O,,,,,,O,,,,,,,
LEU,CB,CB,CB,CB,CB,CB,,,,CB,,,,,,CB,,,,,,,
LEU,HB1,HB1,HB1,HB1,HB1,HB2,,,,1HB,,,,,,HB2,,,,,,,
LEU,HB2,HB2,HB2,HB2,HB2,HB3,,,,2HB,,,,,,HB3,,,,,,,
LEU,CG,CG,CG,CG,CG,CG,,,,CG,,,,,,CG,,,,,,,
LEU,HG,HG,HG,HG,HG,HG,,,,HG,,,,,,HG,,,,,,,
LEU,CD1,CD1,CD1,CD1,CD1,CD1,,,,CD1,,,,,,CD1,,,,,,,
LEU,HD11,HD11,HD11,HD11,HD11,HD11,,,,1HD1,,,,,,HD11,,,,,,,
LEU,HD12,HD12,HD12,HD12,HD12,HD12,,,,2HD1,,,,,,HD12,,,,,,,
LEU,HD13,HD13,HD13,HD13,HD13,HD13,,,,3HD1,,,,,,HD13,,,,,,,
LEU,CD2,CD2,CD2,CD2,CD2,CD2,,,,CD2,,,,,,CD2,,,,,,,
LEU,HD21,HD21,HD21,HD21,HD21,HD21,,,,1HD2,,,,,,HD21,,,,,,,
LEU,HD22,HD22,HD22,HD22,HD22,HD22,,,,2HD2,,,,,,HD22,,,,,,,
LEU,HD23,HD23,HD23,HD23,HD23,HD23,,,,3HD2,,,,,,HD23,,,,,,,
LYS,N,N,N,N,N,N,,,,N,,,,,,N,,,N,,N,,
LYS,H,HN,H,H,H,HN,,,,HN,,,,,,H,,,H,,H,,
LYS,CA,CA,CA,CA,CA,CA,,,,CA,,,,,,CA,,,CA,,CA,,
LYS,HA,HA,HA,HA,HA,HA,,,,HA,,,,,,HA,,,HC,,HC,,
LYS,C,C,C,C,C,C,,,,C,,,,,,C,,,C,,C,,
LYS,O,O,O,O,O,O,,,,O,,,,,,O,,,O,,O,,
LYS,CB,CB,CB,CB,CB,CB,,,,CB,,,,,,CB,,,CB,,CB,,
LYS,HB1,HB1,HB1,HB1,HB1,HB2,,,,1HB,,,,,,HB2,,,HC2,,2HC,,
LYS,HB2,HB2,HB2,HB2,HB2,HB3,,,,2HB,,,,,,HB3,,,HC3,,3HC,,
LYS,CG,CG,CG,CG,CG,CG,,,,CG,,,,,,CG,,,CG,,CG,,
LYS,HG1,HG1,HG1,HG1,HG1,HG2,,,,1HG,,,,,,HG2,,,HC4,,4HC,,
LYS,HG2,HG2,HG2,HG2,HG2,HG3,,,,2HG,,,,,,HG3,,,HC5,,5HC,,
LYS,CD,CD,CD,CD,CD,CD,,,,CD,,,,,,CD,,,CD,,CD,,
LYS,HD1,HD1,HD1,HD1,HD1,HD2,,,,1HD,,,,,,HD2,,,HC6,,6HC,,
LYS,HD2,HD2,HD2,HD2,HD2,HD3,,,,2HD,,,,,,HD3,,,HC7,,7HC,,
LYS,CE,CE,CE,CE,CE,CE,,,,CE,,,,,,CE,,,CE,,CE,,
LYS,HE1,HE1,HE1,HE1,HE1,HE2,,,,1HE,,,,,,HE2,,,HC8,,8HC,,
LYS,HE2,HE2,HE2,HE2,HE2,HE3,,,,2HE,,,,,,HE3,,,HC9,,9HC,,
LYS,NZ,NZ,NZ,NZ,NZ,NZ,,,,NZ,,,,,,NZ,,,NZ,,NZ,,
LYS,HZ1,HZ1,HZ1,HZ1,HZ1,HZ1,,,,HZ1,,,,,,HZ1,,,HZ1,,HZ1,,
LYS,HZ2,HZ2,HZ2,HZ2,HZ2,HZ2,,,,HZ2,,,,,,HZ2,,,HZ2,,HZ2,,
LYS,HZ3,HZ3,HZ3,HZ3,HZ3,HZ3,,,,HZ3,,,,,,HZ3,,,HZ3,,HZ3,,
MET,N,N,N,N,N,N,,,,N,,,,,,N,,,,,,,
MET,H,HN,H,H,H,HN,,,,HN,,,,,,H,,,,,,,
MET,CA,CA,CA,CA,CA,CA,,,,CA,,,,,,CA,,,,,,,
MET,HA,HA,HA,HA,HA,HA,,,,HA,,,,,,HA,,,,,,,
MET,C,C,C,C,C,C,,,,C,,,,,,C,,,,,,,
MET,O,O,O,O,O,O,,,,O,,,,,,O,,,,,,,
MET,CB,CB,CB,CB,CB,CB,,,,CB,,,,,,CB,,,,,,,
MET,HB1,HB1,HB1,HB1,HB1,HB2,,,,1HB,,,,,,HB2,,,,,,,
MET,HB2,HB2,HB2,HB2,HB2,HB3,,,,2HB,,,,,,HB3,,,,,,,
MET,CG,CG,CG,CG,CG,CG,,,,CG,,,,,,CG,,,,,,,
MET,HG1,HG1,HG1,HG1,HG1,HG2,,,,1HG,,,,,,HG2,,,,,,,
MET,HG2,HG2,HG2,HG2,HG2,HG3,,,,2HG,,,,,,HG3,,,,,,,
MET,SD,SD,SD,SD,SD,SD,,,,SD,,,,,,SD,,,,,,,
MET,CE,CE,CE,CE,CE,CE,,,,CE,,,,,,CE,,,,,,,
MET,HE1,HE1,HE1,HE1,HE1,HE1,,,,1HE,,,,,,HE1,,,,,,,
MET,HE2,HE2,HE2,HE2,HE2,HE2,,,,2HE,,,,,,HE2,,,,,,,
MET,HE3,HE3,HE3,HE3,HE3,HE3,,,,3HE,,,,,,HE3,,,,,,,
PHE,N,N,N,N,N,N,,,,N,,,,,,N,,,,,N,,
PHE,H,HN,H,H,H,HN,,,,HN,,,,,,H,,,,,H,,
PHE,CA,CA,CA,CA,CA,CA,,,,CA,,,,,,CA,,,,,CA,,
PHE,HA,HA,HA,HA,HA,HA,,,,HA,,,,,,HA,,,,,HC,,
PHE,C,C,C,C,C,C,,,,C,,,,,,C,,,,,C,,
PHE,O,O,O,O,O,O,,,,O,,,,,,O,,,,,O,,
PHE,CB,CB,CB,CB,CB,CB,,,,CB,,,,,,CB,,,,,CB,,
PHE,HB1,HB1,HB1,HB1,HB1,HB2,,,,1HB,,,,,,HB2,,,,,2HC,,
PHE,HB2,HB2,HB2,HB2,HB2,HB3,,,,2HB,,,,,,HB3,,,,,3HC,,
PHE,CG,CG,CG,CG,CG,CG,,,,CG,,,,,,CG,,,,,CG,,
PHE,CD1,CD1,CD1,CD1,CD1,CD1,,,,CD1,,,,,,CD1,,,,,CD1,,
PHE,HD1,HD1,HD1,HD1,HD1,HD1,,,,HD1,,,,,,HD1,,,,,4HC,,
PHE,CD2,CD2,CD2,CD2,CD2,CD2,,,,CD2,,,,,,CD2,,,,,CD2,,
PHE,HD2,HD2,HD2,HD2,HD2,HD2,,,,HD2,,,,,,HD2,,,,,5HC,,
PHE,CE1,CE1,CE1,CE1,CE1,CE1,,,,CE1,,,,,,CE1,,,,,CE1,,
PHE,HE1,HE1,HE1,HE1,HE1,HE1,,,,HE1,,,,,,HE1,,,,,6HC,,
PHE,CE2,CE2,CE2,CE2,CE2,CE2,,,,CE2,,,,,,CE2,,,,,CE2,,
PHE,HE2,HE2,HE2,HE2,HE2,HE2,,,,HE2,,,,,,HE2,,,,,7HC,,
PHE,CZ,CZ,CZ,CZ,CZ,CZ,,,,CZ,,,,,,CZ,,,,,CZ,,
PHE,HZ,HZ,HZ,HZ,HZ,HZ,,,,HZ,,,,,,HZ,,,,,8HC,,
PRO,N,N,N,N,N,N,,,,N,,,,,,N,,,,,,,
PRO,CA,CA,CA,CA,CA,CA,,,,CA,,,,,,CA,,,,,,,
PRO,HA,HA,HA,HA,HA,HA,,,,HA,,,,,,HA,,,,,,,
PRO,C,C,C,C,C,C,,,,C,,,,,,C,,,,,,,
PRO,O,O,O,O,O,O,,,,O,,,,,,O,,,,,,,
PRO,CB,CB,CB,CB,CB,CB,,,,CB,,,,,,CB,,,,,,,
PRO,HB1,HB1,HB1,HB1,HB1,HB2,,,,1HB,,,,,,HB2,,,,,,,
PRO,HB2,HB2,HB2,HB2,HB2,HB3,,,,2HB,,,,,,HB3,,,,,,,
PRO,CG,CG,CG,CG,CG,CG,,,,CG,,,,,,CG,,,,,,,
PRO,HG1,HG1,HG1,HG1,HG1,HG2,,,,1HG,,,,,,HG2,,,,,,,
PRO,HG2,HG2,HG2,HG2,HG2,HG3,,,,2HG,,,,,,HG3,,,,,,,
PRO,CD,CD,CD,CD,CD,CD,,,,CD,,,,,,CD,,,,,,,
PRO,HD1,HD1,HD1,HD1,HD1,HD2,,,,1HD,,,,,,HD2,,,,,,,
PRO,HD2,HD2,HD2,HD2,HD2,HD3,,,,2HD,,,,,,HD3,,,,,,,
SER,N,N,N,N,N,N,,,,,,,N,N,,N,,N,,N,,,
SER,H,HN,H,H,H,HN,,,,,,,HN,HN,,H,,H,,HN,,,
SER,CA,CA,CA,CA,CA,CA,,,,,,,CA,CA,,CA,,CA,,CA,,,
SER,HA,HA,HA,HA,HA,HA,,,,,,,HCA,HCA,,HA,,HC,,HC,,,
SER,C,C,C,C,C,C,,,,,,,C,C,,C,,C,,C,,,
SER,O,O,O,O,O,O,,,,,,,O,O,,O,,O,,O,,,
SER,CB,CB,CB,CB,CB,CB,,,,,,,CB,CB,,CB,,CB,,CB,,,
SER,HB1,HB1,HB1,HB1,HB1,HB2,,,,,,,HCB2,1HCB,,HB2,,HC2,,1HC,,,
SER,HB2,HB2,HB2,HB2,HB2,HB3,,,,,,,HCB3,2HCB,,HB3,,HC3,,2HC,,,
SER,OG,OG,OG,OG,OG,OG,,,,,,,OG,OG,,OG,,OG,,OG,,,
SER,HG,HO,HG,HG,HG,HG,,,,,,,HO,HO,,HG,,HO,,HO,,,
THR,N,N,N,N,N,N,,,,N,,,N,N,,N,,N,,N,,,
THR,H,HN,H,H,H,HN,,,,HN,,,HN,HN,,H,,H,,HN,,,
THR,CA,CA,CA,CA,CA,CA,,,,CA,,,CA,CA,,CA,,CA,,CA,,,
THR,HA,HA,HA,HA,HA,HA,,,,HA,,,HCA,HCA,,HA,,HC,,HC,,,
THR,C,C,C,C,C,C,,,,C,,,C,C,,C,,C,,C,,,
THR,O,O,O,O,O,O,,,,O,,,O,O,,O,,O,,O,,,
THR,HB,HB,HB,HB,HB,HB,,,,HB,,,HCB,HCB,,HB,,HC2,,1HC,,,
THR,CB,CB,CB,CB,CB,CB,,,,CB,,,CB,CB,,CB,,CB,,CB,,,
THR,OG1,OG1,OG1,OG1,OG1,OG1,,,,OG1,,,OG1,OG1,,OG1,,OG1,,OG1,,,
THR,HG1,HO,HG1,HG1,HG1,HG1,,,,HG1,,,HO,HO,,HG1,,HO,,HO,,,
THR,CG2,CG2,CG2,CG2,CG2,CG2,,,,CG2,,,CG2,CG2,,CG2,,CG2,,CG2,,,
THR,HG21,HG21,HG21,HG21,HG21,HG21,,,,1HG2,,,HCG1,1HCG,,HG21,,HC3,,2HC,,,
THR,HG22,HG22,HG22,HG22,HG22,HG22,,,,2HG2,,,HCG2,2HCG,,HG22,,HC4,,3HC,,,
THR,HG23,HG23,HG23,HG23,HG23,HG23,,,,3HG2,,,HCG3,3HCG,,HG23,,HC5,,4HC,,,
TRP,N,N,N,N,N,N,,,,N,,,,,,N,,,,,N,,
TRP,H,HN,H,H,H,HN,,,,HN,,,,,,H,,,,,H,,
TRP,CA,CA,CA,CA,CA,CA,,,,CA,,,,,,CA,,,,,CA,,
TRP,HA,HA,HA,HA,HA,HA,,,,HA,,,,,,HA,,,,,HC,,
TRP,C,C,C,C,C,C,,,,C,,,,,,C,,,,,C,,
TRP,O,O,O,O,O,O,,,,O,,,,,,O,,,,,O,,
TRP,CB,CB,CB,CB,CB,CB,,,,CB,,,,,,CB,,,,,CB,,
TRP,HB1,HB1,HB1,HB1,HB1,HB2,,,,1HB,,,,,,HB2,,,,,2HC,,
TRP,HB2,HB2,HB2,HB2,HB2,HB3,,,,2HB,,,,,,HB3,,,,,3HC,,
TRP,CG,CG,CG,CG,CG,CG,,,,CG,,,,,,CG,,,,,CG,,
TRP,CD1,CD1,CD1,CD1,CD1,CD1,,,,CD1,,,,,,CD1,,,,,CD1,,
TRP,HD1,HD1,HD1,HD1,HD1,HD1,,,,HD1,,,,,,HD1,,,,,4HC,,
TRP,CD2,CD2,CD2,CD2,CD2,CD2,,,,CD2,,,,,,CD2,,,,,CD2,,
TRP,NE1,NE1,NE1,NE1,NE1,NE1,,,,NE1,,,,,,NE1,,,,,NE1,,
TRP,HE1,HE1,HE1,HE1,HE1,HE1,,,,HE1,,,,,,HE1,,,,,HE1,,
TRP,CE2,CE2,CE2,CE2,CE2,CE2,,,,CE2,,,,,,CE2,,,,,CE2,,
TRP,CE3,CE3,CE3,CE3,CE3,CE3,,,,CE3,,,,,,CE3,,,,,CE3,,
TRP,HE3,HE3,HE3,HE3,HE3,HE3,,,,HE3,,,,,,HE3,,,,,5HC,,
TRP,CZ2,CZ2,CZ2,CZ2,CZ2,CZ2,,,,CZ2,,,,,,CZ2,,,,,CZ2,,
TRP,HZ2,HZ2,HZ2,HZ2,HZ2,HZ2,,,,HZ2,,,,,,HZ2,,,,,6HC,,
TRP,CZ3,CZ3,CZ3,CZ3,CZ3,CZ3,,,,CZ3,,,,,,CZ3,,,,,CZ3,,
TRP,HZ3,HZ3,HZ3,HZ3,HZ3,HZ3,,,,HZ3,,,,,,HZ3,,,,,7HC,,
TRP,CH2,CH2,CH2,CH2,CH2,CH2,,,,CH2,,,,,,CH2,,,,,CH2,,
TRP,HH2,HH2,HH2,HH2,HH2,HH2,,,,HH2,,,,,,HH2,,,,,8HC,,
TYR,N,N,N,N,N,N,,,,,,,N,N,,N,,,,N,,,
TYR,H,HN,H,H,H,HN,,,,,,,HN,HN,,H,,,,HN,,,
TYR,CA,CA,CA,CA,CA,CA,,,,,,,CA,CA,,CA,,,,CA,,,
TYR,HA,HA,HA,HA,HA,HA,,,,,,,HCA,HCA,,HA,,,,HC,,,
TYR,C,C,C,C,C,C,,,,,,,C,C,,C,,,,C,,,
TYR,O,O,O,O,O,O,,,,,,,O,O,,O,,,,O,,,
TYR,CB,CB,CB,CB,CB,CB,,,,,,,CB,CB,,CB,,,,CB,,,
TYR,HB1,HB1,HB1,HB1,HB1,HB2,,,,,,,HCB2,1HCB,,HB2,,,,1HC,,,
TYR,HB2,HB2,HB2,HB2,HB2,HB3,,,,,,,HCB3,2HCB,,HB3,,,,2HC,,,
TYR,CG,CG,CG,CG,CG,CG,,,,,,,CG,CG,,CG,,,,CG,,,
TYR,CD1,CD1,CD1,CD1,CD1,CD1,,,,,,,CD1,CD1,,CD1,,,,CD1,,,
TYR,HD1,HD1,HD1,HD1,HD1,HD1,,,,,,,HCD1,HCD1,,HD1,,,,3HC,,,
TYR,CD2,CD2,CD2,CD2,CD2,CD2,,,,,,,CD2,CD2,,CD2,,,,CD2,,,
TYR,HD2,HD2,HD2,HD2,HD2,HD2,,,,,,,HCD2,HCD2,,HD2,,,,4HC,,,
TYR,CE1,CE1,CE1,CE1,CE1,CE1,,,,,,,CE1,CE1,,CE1,,,,CE1,,,
TYR,HE1,HE1,HE1,HE1,HE1,HE1,,,,,,,HCE1,HCE1,,HE1,,,,5HC,,,
TYR,CE2,CE2,CE2,CE2,CE2,CE2,,,,,,,CE2,CE2,,CE2,,,,CE2,,,
TYR,HE2,HE2,HE2,HE2,HE2,HE2,,,,,,,HCE2,HCE2,,HE2,,,,6HC,,,
TYR,CZ,CZ,CZ,CZ,CZ,CZ,,,,,,,CZ,CZ,,CZ,,,,CZ,,,
TYR,OH,OH,OH,OH,OH,OH,,,,,,,OH,OH,,OH,,,,OH,,,
TYR,HH,HO,HH,HH,HH,HH,,,,,,,HO,HO,,HH,,,,HO,,,
VAL,N,N,N,N,N,N,,,,,,,,N,,N,,,,,,,
VAL,H,HN,H,H,H,HN,,,,,,,,HN,,H,,,,,,,
VAL,CA,CA,CA,CA,CA,CA,,,,,,,,CA,,CA,,,,,,,
VAL,HA,HA,HA,HA,HA,HA,,,,,,,,HA,,HA,,,,,,,
VAL,C,C,C,C,C,C,,,,,,,,C,,C,,,,,,,
VAL,O,O,O,O,O,O,,,,,,,,O,,O,,,,,,,
VAL,CB,CB,CB,CB,CB,CB,,,,,,,,CB,,CB,,,,,,,
VAL,HB,HB,HB,HB,HB,HB,,,,,,,,HB,,HB,,,,,,,
VAL,CG1,CG1,CG1,CG1,CG1,CG1,,,,,,,,CG1,,CG1,,,,,,,
VAL,HG11,HG11,HG11,HG11,HG11,HG11,,,,,,,,1HG1,,HG11,,,,,,,
VAL,HG12,HG12,HG12,HG12,HG12,HG12,,,,,,,,2HG1,,HG12,,,,,,,
VAL,HG13,HG13,HG13,HG13,HG13,HG13,,,,,,,,3HG1,,HG13,,,,,,,
VAL,CG2,CG2,CG2,CG2,CG2,CG2,,,,,,,,CG2,,CG2,,,,,,,
VAL,HG21,HG21,HG21,HG21,HG21,HG21,,,,,,,,1HG2,,HG21,,,,,,,
VAL,HG22,HG22,HG22,HG22,HG22,HG22,,,,,,,,2HG2,,HG22,,,,,,,
VAL,HG23,HG23,HG23,HG23,HG23,HG23,,,,,,,,3HG2,,HG23,,,,,,,